{
  "rulesDirectory": [
    "node_modules/codelyzer"
  ],
  "extends": [
    "rxjs-tslint-rules"
  ],
  "rules": {
    "arrow-return-shorthand": true,
    "callable-types": true,
    "class-name": true,
    "comment-format": [
      true,
      "check-space"
    ],
    "curly": true,
    "eofline": true,
    "forin": true,
    "import-blacklist": [
      true,
      "rxjs/Rx"
    ],
    "import-spacing": true,
    "indent": [
      true,
      "spaces"
    ],
    "interface-over-type-literal": true,
    "label-position": true,
    "max-line-length": [
      true,
      140
    ],
    "member-access": false,
    "member-ordering": [
      true,
      {
        "order": [
          "static-field",
          "instance-field",
          "static-method",
          "instance-method"
        ]
      }
    ],
    "no-arg": true,
    "no-bitwise": false,
    "no-console": [
      true,
      "debug",
      "info",
      "time",
      "timeEnd",
      "trace"
    ],
    "no-construct": true,
    "no-debugger": true,
    "no-duplicate-super": true,
    "no-empty": false,
    "no-empty-interface": true,
    "no-eval": true,
    "no-inferrable-types": [
      true,
      "ignore-params",
      "ignore-properties"
    ],
    "no-misused-new": true,
    "no-non-null-assertion": true,
    "no-shadowed-variable": true,
    "no-string-literal": false,
    "no-string-throw": true,
    "no-switch-case-fall-through": true,
    "no-trailing-whitespace": true,
    "no-unnecessary-initializer": true,
    "no-unused-expression": true,
    "no-use-before-declare": false,
    "no-var-keyword": true,
    "object-literal-sort-keys": false,
    "one-line": [
      true,
      "check-open-brace",
      "check-catch",
      "check-else",
      "check-whitespace"
    ],
    "prefer-const": true,
    "quotemark": [
      true,
      "single"
    ],
    "radix": false,
    "semicolon": [
      true,
      "always"
    ],
    "triple-equals": [
      true,
      "allow-null-check"
    ],
    "typedef": [
      false,
      "parameter",
      "member-variable-declaration"
    ],
    "typedef-whitespace": [
      true,
      {
        "call-signature": "nospace",
        "index-signature": "nospace",
        "parameter": "nospace",
        "property-declaration": "nospace",
        "variable-declaration": "nospace"
      }
    ],
    "unified-signatures": true,
    "variable-name": false,
    "whitespace": [
      true,
      "check-branch",
      "check-decl",
      "check-operator",
      "check-separator",
      "check-type"
    ],
    "directive-selector": [
      false,
      "attribute",
      [
        "app",
        "sest"
      ],
      "camelCase"
    ],
    "component-selector": [
      true,
      "element",
      [
        "",
        "app",
        "sest",
        "example"
      ],
      "kebab-case"
    ],
    "use-input-property-decorator": true,
    "use-output-property-decorator": true,
    "use-host-property-decorator": true,
    "no-input-rename": true,
    "no-output-rename": true,
    "use-life-cycle-interface": true,
    "use-pipe-transform-interface": true,
    "component-class-suffix": true,
    "directive-class-suffix": true,


    "banana-in-box": true,
    "pipe-impure": true,
    "templates-no-negated-async": true,

    "no-attribute-parameter-decorator": true,
    "no-forward-ref": true,
    "no-unused-css": true,
    "use-pipe-decorator": true,
    "use-view-encapsulation": true,

    "angular-whitespace": [
      true,
      "check-interpolation",
      "check-semicolon"
    ],
    "import-destructuring-spacing": true,

    "rxjs-no-add": { "severity": "error" },
    "rxjs-no-operator": { "severity": "error" },
    "rxjs-no-patched": { "severity": "error" },
    "rxjs-no-wholesale": false,
    "rxjs-no-unused-add": { "severity": "error" }
  }
}
